<?xml version="1.0" encoding="UTF-8"?>
<!-- Thie example adapted from the PET Handbook, copyright University of Cambridge ESOL Examinations -->
<assessmentItem xmlns="http://www.imsglobal.org/xsd/imsqti_v2p1"
	xmlns:xsi="http://www.w3.org/2001/XMLSchema-instance"
	xsi:schemaLocation="http://www.imsglobal.org/xsd/imsqti_v2p1 http://www.imsglobal.org/xsd/imsqti_v2p1.xsd"
	identifier="choice" title="Unattended Luggage with feedback" adaptive="false" timeDependent="false">
	<responseDeclaration identifier="RESPONSE" cardinality="single" baseType="identifier">
		<correctResponse>
			<value>ChoiceA</value>
		</correctResponse>
	</responseDeclaration>
	<outcomeDeclaration identifier="FEEDBACK" cardinality="single" baseType="identifier"/>
	<outcomeDeclaration identifier="SCORE" cardinality="single" baseType="float"/>
	<outcomeDeclaration identifier="MAXSCORE" cardinality="single" baseType="float">
		<defaultValue>
			<value>100</value>
		</defaultValue>
	</outcomeDeclaration>
	<stylesheet href="stylesheet.css" type="text/css"/>
	<itemBody>
		<p>Look at the text in the picture.</p>
		<p>
			<img src="images/sign.png" alt="NEVER LEAVE LUGGAGE UNATTENDED"/>
		</p>
		<choiceInteraction responseIdentifier="RESPONSE" shuffle="false" maxChoices="1">
			<prompt>What does it say?</prompt>
			<simpleChoice identifier="ChoiceA">You must stay with your luggage at all times.
					<feedbackInline outcomeIdentifier="FEEDBACK" identifier="ChoiceA"
					showHide="show">  <span class="ca"><b>That's right!</b></span></feedbackInline></simpleChoice>
			<simpleChoice identifier="ChoiceB">Do not let someone else look after your luggage.
					<feedbackInline outcomeIdentifier="FEEDBACK" identifier="ChoiceB"
					showHide="show">  <span class="cb"><b>"unattended" doesn't say who should look after the
					luggage</b></span></feedbackInline></simpleChoice>
			<simpleChoice identifier="ChoiceC">Remember your luggage when you leave. <feedbackInline
					outcomeIdentifier="FEEDBACK" identifier="ChoiceC" showHide="show"> <span class="cc"><b>you must
					attend to your luggage even before you leave</b></span></feedbackInline></simpleChoice>
		</choiceInteraction>
	</itemBody>
	<responseProcessing template="http://www.imsglobal.org/question/qti_v2p1/rptemplates/CC2_match"
	/>
</assessmentItem>
